Author	Title	Year	Language	Publisher	Place	Country	URL
???	Mittheilungen aus Baiern über das Malzen, Brauen u. Gähren in Nürnberg.	1839	TODO: Language?	TODO: Publisher?	Nürnberg	Germany	https://play.google.com/books/reader?id=7jg7AAAAcAAJ
???	Wie brauet man gutes Bayerisch-Weiß- und Lagerbier? Wie Ale (Oehl), oder Englisch-Bier? Wie bereitet man guten Essig? Im Kleinen (für den Hausbedarf), und im Großen (bei Essigsiedereyen).	1820	TODO: Language?	TODO: Publisher?	Grätz	Germany	https://play.google.com/books/reader?id=ZzMAcH_ZZSkC
Joseph Serviere	Der theoretische und praktische Kellermeister oder Die Erkennung, Erzeugung, Behandlung und Erhaltung aller trinkbaren Flüssigkeiten; nebst einer neuen Theorie über Branntweinbrennerey, Bier- und Essig-Brauerey.	1811	TODO: Language?	TODO: Publisher?	Frankfurt am Mayn	Germany	https://play.google.com/books/reader?id=J-wNtCnpLU0C
Joseph Serviere	Der Scheidekünstler im Brau- und Brennhause. Ein nützliches Handbuch für Bierbrauer, Essigbrauer, Branntweinbrauer und Oekonomen.	1816	TODO: Language?	TODO: Publisher?	Frankfurt am Main	Germany	https://play.google.com/books/reader?id=wGM7AAAAcAAJ
Friedrich Meyer	Die bayerische Bierbrauerei in allen ihren Theilen und wie solche in den vorzüglichsten Bierbrauerein im Königreiche Bayern dermalen betrieben wird; dann die Branntweinbrennerei u. Essigfabrikation, soweit solche mit der Bierbrauerei verbunden erscheinen, so wie das Nöthige über den Hopfen und den Hopfenbau.	1847	TODO: Language?	TODO: Publisher?	Nürnberg	Germany	https://play.google.com/books/reader?id=9_pAAQAAMAAJ
Marius Wölfer	Das Ganze der Bierbrauerei nach ihrem jetzigen Standpunkte, nebst den dazu erforderlichen Brauhäusern und Felsenkellern.	1841	TODO: Language?	TODO: Publisher?	Quedlinburg und Leipzig	Germany	https://play.google.com/books/reader?id=6fVHtmFK2icC
Friedrich Meyer	Die bayerische Bierbrauerei wie solche in den vorzüglichsten Brauereien in Bayern dermalen betrieben wird, dann die Branntweinbrennerei und Essigfabrikation, soweit solche mit der Bierbrauerei verbunden erscheinen, so wie das Nöthige über den Hopfen und Hopfenbau.	1839	TODO: Language?	TODO: Publisher?	Ansbach	Germany	https://play.google.com/books/reader?id=kSNBAAAAcAAJ
Friedrich Meyer	Die bayerische Bierbrauerei oder die Brauerei der braunen Biere und des weißen Gerstenbieres, wie solche inden vorzüglichsten Brauereien in Bayern dermalen betrieben wird, dann die mit der Bierbrauerei verbundene Brantweinbrauerei, Fruchtessigsiederei und das einem Brauer Nöthige über den Hopfen und den Hopfenbau.	1839	TODO: Language?	TODO: Publisher?	Ansbach	Germany	https://play.google.com/books/reader?id=lf9CAAAAcAAJ
Josef Serviere	Das Ganze der Bierbrauerei und Bierkellerei-Wirthschaft. Nebst einem Anhange über Branntweinbrennerei und Essigfabrikation, in so weit sich beide bei einer großen Landwirthschaft an die Bierbrauerei anschließen.	1826	TODO: Language?	TODO: Publisher?	Ilmenau	Germany	https://play.google.com/books/reader?id=TWxzu8pW8EsC
Friedrich Meyer	Die Bayerische Bierbrauerei. wie solche in den vorzüglichsten Brauereien in Bayern dermalen betrieben wird, dann die mit der Bierbrauerei verbundene Brantwein-Brennerei, Fruchtessig-Siederei und das einem Brauer Nöthige über den Hopfen und den Hopfenbau.	1832	TODO: Language?	TODO: Publisher?	Ansbach	Germany	https://play.google.com/books/reader?id=jSNBAAAAcAAJ
Johann Wilhelm Wäser	Gründliche Anleitung zum Bierbrauen, zur Beförderung richtiger Grundsätze der vorzüglichsten Bereitung das Braun- Weiß- und Englisch-Bier betreffend in systematischer Ordnung und in Berechnungen tabellarisch dargestellt	1793	TODO: Language?	TODO: Publisher?	Berlin	Germany	https://play.google.com/books/reader?id=aG87AAAAcAAJ
Benno Scharl	Beschreibung der Braunbier-Brauerei in Bayern mit damit verbundener Branntweinbrennerei und Essigsiederei, nebst Nachricht über die jüngst errichtete erste Dampfbierbrauerei in München.	1843	TODO: Language?	TODO: Publisher?	München	Germany	https://play.google.com/books/reader?id=ailOAAAAYAAJ
Dr. Lorenz Zierl	Die bayerische Braunbier-Fabrikation und die Bier-Untersuchung durch das Fuchs'sche Hallymeter mit einem Anhange über die Anwendung des Hallymeters zur Untesuchung von Wein, Most, Bierwürze, Branntweinmaische, etc.	1843	TODO: Language?	TODO: Publisher?	München	Germany	https://play.google.com/books/reader?id=tDJCAAAAcAAJ
E. F. Strauss	Der Bierbrauerei nach Kunst und Regel! oder Unterricht über die Biererzeugung nach vorzüglichsten technischen Grundsätzen der Münchener Erzeugung	1849	TODO: Language?	TODO: Publisher?	München	Germany	https://play.google.com/books/reader?id=pIYr2m5MKa4C
Philip Heiß	Die Bierbrauerei mit besonderer Berücksichtigung der Dickmaischbrauerei	1860	TODO: Language?	TODO: Publisher?	Augsburg	Germany	https://play.google.com/books/reader?id=3Nw6AAAAcAAJ
Johann Albert Joseph Seifert	Das Bamberger Bier, oder praktische, auf chemische Grundsätze gestützte Verfahrensweise, Handgriffe und Gewerbs-Vortheile beim Brauen des Bamberger Bieres, mit einem Anhange, enthaltend verschiedene erprobte Mittel, trübes Bier hell zu machen, saueres Bier zu verbessern, etc. etc. nebst zwei Tabellen.	1818	TODO: Language?	TODO: Publisher?	Bamberg	Germany	https://play.google.com/books/reader?id=nyFGz5LXDlwC
Johann Adam Messerschmitt	Die bamberger Bierbrauerei	1836	TODO: Language?	TODO: Publisher?	Bamberg	Germany	https://play.google.com/books/reader?id=3TI7AAAAcAAJ
Johann Gottlob Peschel	Anleitung überall gutes Bier zu brauen; oder Beantwortung der Frage: Warum kann man in dem einen Brauhause nicht dasselbe Bier brauen, als in dem andern?	1809	TODO: Language?	TODO: Publisher?	Leipzig	Germany	https://play.google.com/books/reader?id=3Yz28xMoJacC
???	Das Bierbrauen unter dem Schutze des Biersatz-Regulativs vom Jahre 1811, die beßte Quelle des Einkommens!	1828	TODO: Language?	TODO: Publisher?	München	Germany	https://play.google.com/books/reader?id=Xj1SAAAAcAAJ
Johann Philipp Christian Muntz	Das Bierbrauen in allen seinen Zweigen, als Malzen, Gähren, Schroten, Hopfen, etc. mit Bemerkungen und Verfahrungsarten bei dem Brauen am Rheine, in Baiern, Franken, etc. 	1836	TODO: Language?	TODO: Publisher?	Neustadt a.d. Orla	Germany	https://play.google.com/books/reader?id=qBEjZzPpeeoC
J. G. Kögel	Allgemein verständliche Anweisung zum Bierbrauen nach richtigen Grundsätzen der Chemie für Brauinspektoren, Brauer und Technologen	1802	TODO: Language?	TODO: Publisher?	Quedlinburg	Germany	https://play.google.com/books/reader?id=SLBgAAAAcAAJ
Karl Gotthelf Prätorius	Versuch einer Beantwortung der von Königl. Societät der Wissenschaften zu Göttingen auf den Julius 1789 aufgegebenen Preisfrage: Ist es vortheilhafter das Bier von den, von der Obrigkeit angenommenen Bedienten in öffentlichen Brauhäusern nach einer vorgeschriebenen Weise, oder von einzelnen Brauern, in ihren Häusern brauen zu lassen, so wie das Brodbacken den Bäckern überlassen ist?	1791	TODO: Language?	TODO: Publisher?	Berlin	Germany	https://books.google.de/books?id=ZUZLAAAAcAAJ
Johan Philipp Christian Muntz	Das Bierbrauen in seinen zwei Hauptzweigen, Malzen und Gähren, ausführlich beschrieben und durch treue Abbildungen erläutert für Bierbrauer, Brantweinbrenner, Essigfabrikanten und Liebhaber dieses Geschäfts	1820	TODO: Language?	TODO: Publisher?	Leipzig	Germany	https://play.google.com/books/reader?id=v7lFPF_SlZoC
Franz Xaver Ludsteck	Kurze Abhandlung den Hopfen, dieses so nützliche, wie auch zum Bierbrauen unumgänglich notwendige Produkt in Baiern mit Nutzen anzubauen.	1819	TODO: Language?	TODO: Publisher?	Straubing	Germany	https://play.google.com/books/reader?id=hh1BAAAAcAAJ
Karl Hohmann	Praktische Anleitung, gutes Bier zu brauen	1815	TODO: Language?	TODO: Publisher?	Würzburg	Germany	https://play.google.com/books/reader?id=kfE6AAAAcAAJ
???	Praktische Anweisung gutes Bier zu brauen	1790	TODO: Language?	TODO: Publisher?	Koburg	Germany	https://play.google.com/books/reader?id=iso6AAAAcAAJ
Sigismund Friedrich Hermbstädt	Chemische Grundsätze der Kunst Bier zu brauen; oder Anleitung zur theoretisch-praktischen Kenntniß und rationellen Beurtheilung de neuesten und wichtigsten Entdeckungen und Verbesserungen in der Bierbrauerei, nebst Anweisung zur praktischen Darstellung der wichtigsten in Deutschland und in England gebräuchlichen Biere und einiger ganz neuen Arten derselben.	1826	TODO: Language?	TODO: Publisher?	Berlin	Germany	https://play.google.com/books/reader?id=bN1ZAAAAcAAJ
Theodosius Schöpffer	Theodosii Schöpffers Tractat vom Bier-Brau-Recht, Wie auch andern demselbigen anhängigen Rechten Worinnen durch verschiedene, im gemeinen Leben sowol als in Gerichten, öffters vorkommende, pro & contra, mit rationibus dubitandi & decidendi ausgezierte Abtheilungen und Fragen Das hauptsächlichste was zum Bier-Brau-Recht und andern connectirenden Materien gehört ausgeführt Auch alles mit vielen Praejudiciis und Urtheln, nach verschiedenen Statuten und Ordnungen, illustriret wird. Zu jedermanns Behuff ins Teutsche übersezt Und mit einem accuraten Register versehen.	1733	TODO: Language?	TODO: Publisher?	Franckfurt und Leipzig	Germany	https://play.google.com/books/reader?id=iQtGAAAAcAAJ
Fredrick Accum	Abhandlung über die Kunst zu brauen, oder Anweisung Porter, Braun-Stout, Ale, Tischbier und verschiedene andere in England gebräuchliche Malz-Getränke auf die in London übliche Weise zu brauen.	1821	TODO: Language?	TODO: Publisher?	Hamm	Germany	https://play.google.com/books/reader?id=YQJfAAAAcAAJ
Julius Juch	Die Hauptbedingnisse um gutes Bier zu brauen.	1842	TODO: Language?	TODO: Publisher?	Würzburg	Germany	https://play.google.com/books/reader?id=37w-AAAAcAAJ
???	Ausführlicher Bericht über den Feldzug der Bierbrauer, gegen die Bauern zu Nulldorf als Seitenstück zu den gründlichen Bemerkungen über Bierbrauerei	1821	TODO: Language?	TODO: Publisher?	München	Germany	https://play.google.com/books/reader?id=T7dCAAAAcAAJ
David Kellner	Hochnutzbar und bewährte Edle Bierbrau-Kunst Lehrend Die rechte Art u. Weise gut, wolschmeckend, gesund und kräfftig Bier zu brauen, und dasselbige bey gutem Stande im Brauhause und Keller zu erhalten daß es nicht verderbe, sauer und abgeschmackt werde, oder so es ja etwas Noth litte, durch diensame Mittel wiederum zu bessern und trinklich zu machen.	1710	TODO: Language?	TODO: Publisher?	Leipzig und Eisenach	Germany	https://play.google.com/books/reader?id=nNBXAAAAcAAJ
Karl Michel	Beiträge zur Entwicklungsgeschichte der Bierbrauerei: eine Darstellung in Wort und Bild über die Einführung und Anwendung der Wissenschaft in den Gewerben unter besonderer Berücksichtigung der wichtigsten Vorgänge im Braugewerbe von ältester bis jüngster Zeit, Band 3	1907	TODO: Language?	TODO: Publisher?	München	Germany	https://play.google.com/books/reader?id=cXcZAAAAYAAJ
Karl Stein	Gambrinus der vollkommende Bierbrauer oder vollständige alle Zweige des Gewerbes umfassende theoretisch-praktische Anleitung zum Bierbrauen. Nebst einer Geschichte und Statistik des Biers und einer Darstellung der Wirkungen desselben und den menschlichen Organismus.	1850	TODO: Language?	TODO: Publisher?	Heilbronn	Germany	https://play.google.com/books/reader?id=awtz432ju08C
P. Müller	Handbuch für Bierbrauer. Eine wissenschaftlich-praktische Anleitung zum Bierbrauen im ganzen Umfange des Gewerbes.	1854	TODO: Language?	TODO: Publisher?	Braunschweig	Germany	https://play.google.com/books/reader?id=UTw7AAAAcAAJ
Dr. Fr. Jul. Otto	Die Bierbrauerei, Branntweinbrennerei und Liqueurfabrikation.	1865	TODO: Language?	TODO: Publisher?	Braunschweig	Germany	https://play.google.com/books/reader?id=dLk-AAAAcAAJ
Carl Stahlschmidt	Die Gährungs-Chemie umfassend die Weinbereitung, Bierbrauerei und Spiritusfabrikation.	1868	TODO: Language?	TODO: Publisher?	Berlin	Germany	https://play.google.com/books/reader?id=YxgE56jzCY4C
Carl Lintner	Lehrbuch der Bierbrauerei. Nach dem heutigen Standpunkte der Theorie und Praxis unter Mitwirkung der angesehensten Theoretiker und Praktiker	1875	TODO: Language?	TODO: Publisher?	Braunschweig	Germany	https://play.google.com/books/reader?id=ytVKXli1GGYC
Johann Carl Leuchs	J. C. Leuchs' Brau-Lexicon. Angabe der Bierbrauerei-Kenntnisse und Vortheile in ABC'scher Folge.	1867	TODO: Language?	TODO: Publisher?	Nürnberg	Germany	https://play.google.com/books/reader?id=AR1dAAAAcAAJ
Johann Gottfried Hahn	Die Hausbierbrauerei oder vollständige praktische Anweisung zur Bereitung des Malzes und Hausbiers; nebst Beschreibung einer Braumaschine mittelst der man auf eine leichte Art ein Hausbier selbst brauen kann; wie auch die Bereitung verschiedener Obstweine und Essige.	1804	TODO: Language?	TODO: Publisher?	Erfurt	Germany	https://play.google.com/books/reader?id=238o_W6GvtgC
C. H. F. Hartmann	Das Bier als deutsches Nationalgetränk und seine Wirkungen als Heilmittel auf den menschlichen Organismus	1864	TODO: Language?	TODO: Publisher?	Dresden	Germany	https://play.google.com/books/reader?id=lLtbAAAAcAAJ
???	Das Bier, vorzüglich das bayer'sche Bier, als Beförderungs-Quelle der Gesundheit und des körperliches Wohlbefindens der Menschen.	1855	TODO: Language?	TODO: Publisher?	Augsburg	Germany	https://play.google.com/books/reader?id=jio7AAAAcAAJ
Johann Wilhelm Schneider	Der wohlerfahrne Mälzer und Brauer oder die Kunst gutes und gesundes Bier aller Orten zu brauen.	1802	TODO: Language?	TODO: Publisher?	Leipzig und Gera	Germany	https://play.google.com/books/reader?id=YHMlz4ZDUSQC
Johann Heinrich Kaven?	Der vollkommene Bierbrauer. Oder kurzer Unterricht alle Arten Biere zu brauen, wie auch verdorbene Biere wieder gut zu machen, auch alle Arten von Kräuter-Bieren.	1795	TODO: Language?	TODO: Publisher?	Altona und Leipzig	Germany	https://play.google.com/books/reader?id=8MaPIma7F6EC
A. Hermann	Die bayerische Braunbierbrauerei, dann Angabe der Mittel, trübe und saure Biere wieder gut und glanzhell zu machen, und Beschreibung der neuesten und bewährten Methode, den Gehalt des Biers ganz genau zu ermitteln, endlich das ältere und neue Biergesetz, bezüglich der Verhältnisse zwischen Brauer und Wirth, und als Nachtrag Anleitung zur Anlegung eines Hopfengartens.	1848	TODO: Language?	TODO: Publisher?	Nürnberg	Germany	https://books.google.com/books?id=avY6AAAAcAAJ
A. Herrmann	Der bayerische Bierbrauer in der Malztenne, im Brauhause und Gährkeller, dann beim Gersten- und Hopfen-Einkaufe etc.	1839	TODO: Language?	TODO: Publisher?	Nürnberg	Germany	https://play.google.com/books/reader?id=MQRCMlMJqfgC
J. F. Zerzog	Practischer Unterricht in der Malzbereitung oder die erprobt beste practische Art und Weise, aus Gerste ein vollkommen gutes Malz zum Brauen eines gehaltvollen, reinen und angenehm schmeckenden Braunbieres zu verfertigen	1837	TODO: Language?	TODO: Publisher?	Bayreuth	Germany	https://play.google.com/books/reader?id=63U7AAAAcAAJ
Johann Carl Leuchs	Der vollkommene Hefenfabrikant oder Darstellung der Bereitung der flüssigen Hefe für Bäker, Bierbrauer und Brantweinbrenner, so wie der Pfund- und Preßhefe.	1851	TODO: Language?	TODO: Publisher?	Nürnberg	Germany	https://play.google.com/books/reader?id=kCk7AAAAcAAJ
Adam Friedrich Ernst Jacobi	Kurze und deutliche Anweisung gutes Bier, das nicht bald sauer wird, wie auch ausländisches zu brauen	1801	TODO: Language?	TODO: Publisher?	Leipzig	Germany	https://play.google.com/books/reader?id=wLdPAAAAcAAJ
Franz Xaver von Moshamm	Ueber das Bierbraurecht in Baiern	1791	TODO: Language?	TODO: Publisher?	Ingolstadt	Germany	https://play.google.com/books/reader?id=yi9BAAAAcAAJ
Alexander Ziegler	Taschenbuch der Bayerischen Bierbrauerei.	1849	TODO: Language?	TODO: Publisher?	Leipzig	Germany	https://play.google.com/books/reader?id=DHY7AAAAcAAJ
Heinrich Creuzberg	Theorie und Praxis der Bierbrauerei dargestellt in kurzen leichtfaßlichen Sätzen.	1866	TODO: Language?	TODO: Publisher?	Weimar	Germany	https://play.google.com/books/reader?id=yOQ0Txi4spQC
Robert Ehrenbacher	Die Geschichte des fränkischen Hopfenbaues nebst einer Betrachtung der Entwicklung und Organisation des Nürnberger Hopfenmarktes	1915	TODO: Language?	TODO: Publisher?	Nürnberg	Germany	https://archive.org/details/DieGeschichteDesFrankischenHopfenbauesNebstEiner
Carl Michel	Geschichte des Bieres von der ältesten Zeit bis zum Jahre 1899	1899	TODO: Language?	TODO: Publisher?	Augsburg	Germany	http://daten.digitale-sammlungen.de/~db/0007/bsb00074275/images/
Johann Carl Leuchs	Vollständige Braukunde, oder wissenschaftlich-praktische Darstellung der Bierbrauerei in ihrem ganze Umfange und nach den neusten Verbesserungen	1831	TODO: Language?	TODO: Publisher?	Nürnberg	Germany	https://play.google.com/books/reader?id=eDA7AAAAcAAJ
Emil Struve	Die Entwicklung des Bayerischen Braugewerbes im neunzehnten Jahrhunderts	1893	TODO: Language?	TODO: Publisher?	Leipzig	Germany	https://archive.org/stream/staatsundsozial15unkngoog
Dr. Richard Braungart	Der Hopfen aller hopfenbauenden Länder der Erde als Braumaterial	1901	TODO: Language?	TODO: Publisher?	München und Leipzig	Germany	https://archive.org/details/derhopfenallerho00brauuoft
Josef Benno Sailer	Münchener Bier-Chronik	1929	TODO: Language?	TODO: Publisher?	München	Germany	http://daten.digitale-sammlungen.de/~db/0004/bsb00049116/images/
Hermann Pfauth	Neuestes illustriertes Taschenbuch der Bayerischen Bierbrauerei mit Berücksichtigung der wichtigsten theoretischen Sätze	1870	TODO: Language?	TODO: Publisher?	Stuttgart	Germany	https://opacplus.bsb-muenchen.de/Vta2/bsb10704296/bsb:BV014205730
Dr. Franz Döbereiner	Beschreibung der Fabrikation des Braunbiers in Jena	1849	TODO: Language?	TODO: Publisher?	Jena	Germany	http://digital.slub-dresden.de/werkansicht/dlf/1979/1/
J. H. M. Poppe	Die Bierbrauerei auf der höchsten Stufe der jetzigen Vollkommenheit	1826	TODO: Language?	TODO: Publisher?	Tübingen	Germany	https://play.google.com/books/reader?id=fsVaAAAAcAAJ
Josef Benno Sailer	Münchner Oktoberfest	1932	TODO: Language?	TODO: Publisher?	München	Germany	http://daten.digitale-sammlungen.de/~db/0004/bsb00048887/images/index.html
Leo Nast	Die Berliner Brau-Industrie	1916	TODO: Language?	TODO: Publisher?	Berlin	Germany	https://archive.org/stream/dieberlinerbraui00nast
Carl Wilhelm Schmidt	Die Bierbrauerei in ihrem ganzen Umfange	1820	TODO: Language?	TODO: Publisher?	Züllichau	Germany	http://digital.slub-dresden.de/werkansicht/dlf/2291/1/
A. Dörfel	Die Herstellung obergäriger Biere und die Malzbierbrauerei Groterjan A.G. in Berlin	1947	TODO: Language?	TODO: Publisher?	Berlin	Germany	https://s3-eu-west-1.amazonaws.com/andreasdotorg-bucket/Groterjan-Doerfel.pdf
Johann Christoph Jordan	Anweisung zum kunstmäßigen Brauen des Weißbiers	1799	TODO: Language?	TODO: Publisher?	Hannover	Germany	https://gdz.sub.uni-goettingen.de/id/PPN672719770
???	Katechismus des Braumeisters oder leichtfaßliche Anleitung, die Meisterprüfung der Bierbrauerei nach den Anforderungen der neuesten gesetzlichen Bestimmungen bestehen zu können	1865	TODO: Language?	TODO: Publisher?	München	Germany	https://play.google.com/books/reader?id=efs6AAAAcAAJ
Dr. Julius Ludwig Gumbinner	Handbuch der praktischen Bierbrauerei nach den neuesten und bewährtesten Methoden mit Einschluß des Filz-Malzens, der Bereitung der wichtigsten Biersorten, der Dampfbrauerei, und der Anlage von Brauereigebäuden.	1845	TODO: Language?	TODO: Publisher?	Berlin	Germany	https://play.google.com/books/reader?id=9S5FAAAAYAAJ
Karl Michel	Der praktische Bierbrauer. Ein Hilfsbuch und Leitfaden zur Ausübung der Malz- und Bierbereitung	1897	TODO: Language?	TODO: Publisher?	Stuttgart	Germany	https://play.google.com/books/reader?id=3vs7AQAAMAAJ
???	Gründliche Bemerkungen über die gegenwärtigen Verhältnisse der Brauereyen im Allgemeinen, und der Münchner Brauer insbesondere. Gegen das jüngst im Drucke erschienene Gespräch in der Schenke zu Nulldorf über den neuen Biersatz.	1821	TODO: Language?	TODO: Publisher?	München	Germany	http://reader.digitale-sammlungen.de/de/fs1/object/display/bsb10371176_00005.html
Georg Döllinger	Das Brauwesen, Branntweinbrennen und der Malzaufschlag im Königreiche Bayern in polizeilicher und kameralistischer Beziehung.	1843	TODO: Language?	TODO: Publisher?	Nördlingen	Germany	http://reader.digitale-sammlungen.de/de/fs1/object/display/bsb10372687_00005.html
A. F. Zimmermann	Der Bier-Brauer als Meister in seinem Fache	1842	TODO: Language?	TODO: Publisher?	Berlin	Germany	http://reader.digitale-sammlungen.de/de/fs1/object/display/bsb10703040_00005.html
G. E. Habich	Die Schule der Bierbrauerei. Illustrirtes Hand- und Hülfsbuch für Brauer sowie für Anfänger dieses Gewerbes.	1863	TODO: Language?	TODO: Publisher?	Leipzig und Berlin	Germany	http://reader.digitale-sammlungen.de/de/fs1/object/display/bsb11282403_00007.html
Johann Ludwig Timotheus Zitzmann	Praktische Anweisung gutes Bier zu brauen	1790	TODO: Language?	TODO: Publisher?	Koburg	Germany	http://reader.digitale-sammlungen.de/de/fs1/object/display/bsb10293768_00005.html
???	Mittheilungen aus Baiern über Malzen, Brauen u. Gähren in Nürnberg	1839	TODO: Language?	TODO: Publisher?	Nürnberg	Germany	http://reader.digitale-sammlungen.de/de/fs1/object/display/bsb10297720_00003.html
???	Münchener Bier-Chronik 1904	1904	TODO: Language?	TODO: Publisher?	München	Germany	http://daten.digitale-sammlungen.de/~db/0004/bsb00049144/images/index.html?seite=00001&l=de
???	Münchener Bier-Chronik 1905	1905	TODO: Language?	TODO: Publisher?	München	Germany	http://daten.digitale-sammlungen.de/~db/0004/bsb00049145/images/index.html?seite=00001&l=de
???	Münchener Bier-Chronik 1906	1906	TODO: Language?	TODO: Publisher?	München	Germany	http://daten.digitale-sammlungen.de/~db/0004/bsb00049146/images/index.html?seite=00001&l=de
???	Münchener Bier-Chronik 1907	1907	TODO: Language?	TODO: Publisher?	München	Germany	http://daten.digitale-sammlungen.de/~db/0004/bsb00049147/images/index.html?seite=00001&l=de
???	Münchener Bier-Chronik 1908	1908	TODO: Language?	TODO: Publisher?	München	Germany	http://daten.digitale-sammlungen.de/~db/0004/bsb00049148/images/index.html?seite=00001&l=de
???	Münchener Bier-Chronik 1909	1909	TODO: Language?	TODO: Publisher?	München	Germany	http://daten.digitale-sammlungen.de/~db/0004/bsb00049149/images/index.html?seite=00001&l=de
???	Münchener Bier-Chronik 1910	1910	TODO: Language?	TODO: Publisher?	München	Germany	http://daten.digitale-sammlungen.de/~db/0004/bsb00049150/images/index.html?seite=00001&l=de
???	Münchener Bier-Chronik 1911	1911	TODO: Language?	TODO: Publisher?	München	Germany	http://daten.digitale-sammlungen.de/~db/0004/bsb00049151/images/index.html?seite=00001&l=de
???	Münchener Bier-Chronik 1912	1912	TODO: Language?	TODO: Publisher?	München	Germany	http://daten.digitale-sammlungen.de/~db/0004/bsb00049152/images/index.html?seite=00001&l=de
???	Münchener Bier-Chronik 1913	1913	TODO: Language?	TODO: Publisher?	München	Germany	http://daten.digitale-sammlungen.de/~db/0004/bsb00049153/images/index.html?seite=00001&l=de
Dr. K. Lintner	Über das Bier im Allgemeinen und die Bierfabrikation in Kaufbeuren insbesondere.	1857	TODO: Language?	TODO: Publisher?	Kaufbeuren	Germany	http://daten.digitale-sammlungen.de/~db/0011/bsb00112838/images/index.html?id=00112838
Johann Nepomuk von Fuchs	Neue Methode das Bier auf seine wesentlichen Bestandtheile zu untersuchen	1836	TODO: Language?	TODO: Publisher?	Stuttgart	Germany	http://reader.digitale-sammlungen.de/de/fs1/object/display/bsb10074208_00007.html
Benedikt Elkemann	Vollständiger und gründlicher Unterricht über den Bier- und Frucht-Essig : auch lehrreich für Mälzer, Bierbrauer und Branntweinbrenner ; mit vielen bisher geheimen Vortheilen und Erläuterungen über die verschiedenen Gährungs-Perioden	1807	TODO: Language?	TODO: Publisher?	Düßeldorf	Germany	http://reader.digitale-sammlungen.de/de/fs1/object/display/bsb10295001_00005.html
Johann G. Boß	Erfahrungen eines bayerischen Bierbrauers, über die Art und Weise, stets gleichmäßig kräftiges, wohlschmeckendes und helles Bier zu erzeugen.	1852	TODO: Language?	TODO: Publisher?	Ansbach	Germany	http://reader.digitale-sammlungen.de/de/fs1/object/display/bsb10294356_00005.html
Karl Balling	Die Malz-Getreide-Bierbrauerei und die belgische Brauart wissenschaftlich und technisch dargestellt	1845	TODO: Language?	TODO: Publisher?	Prag	Germany	https://play.google.com/books/reader?id=GtbDCmJ3UrgC
Hans Albrecht	Das Lübecker Braugewerbe bis zur Aufhebung der Brauerzunft 1865	1915	TODO: Language?	TODO: Publisher?	Lübeck	Germany	https://archive.org/details/daslubeckerbraug00albr
Wilhelm Scheben	Die Zunft der Brauer in Köln in ihrem inneren Wesen und Wirken, nebst den im Jahre 1603 erneuerten uralten Ordnungen und dem 1497 erneuerten Amtsbriefe.	1880	TODO: Language?	TODO: Publisher?	Köln	Germany	https://archive.org/details/diezunftderbraue00sche
Dr. Karl Wilh. Dempp	Detaillirte bautechnische Beschreibung Bayerischer Bierbrauereigebäude mit Sudwerken von 14 und 8 Schäffeln Malz, nebst vorausgeschickter übersichtlicher Darstellung des technischen Braubetriebs.	1843	TODO: Language?	TODO: Publisher?	München	Germany	https://opacplus.bsb-muenchen.de/Vta2/bsb10372493/bsb:BV010769609?page=5
Carl Michel	Manual für den Practischen Brauerei-Betrieb	1886	TODO: Language?	TODO: Publisher?	München	Germany	http://daten.digitale-sammlungen.de/~db/0007/bsb00074278/images/index.html
Emil Struve	Der Berliner Bierboykott von 1894. Ein Beitrag zur Geschichte der socialen Klassenkämpfe der Gegenwart.	1897	TODO: Language?	TODO: Publisher?	Berlin	Germany	http://reader.digitale-sammlungen.de/de/fs1/object/display/bsb11124144_00005.html
???	Das Bier, vorzüglich das bayer'sche Bier, als Beförderungs-Quelle der Gesundheit und des körperlichen Wohlbefindens der Menschen.	1855	TODO: Language?	TODO: Publisher?	Augsburg	Germany	https://opacplus.bsb-muenchen.de/Vta2/bsb10297171/bsb:BV016507138?page=6
Prof. Dr. Max Delbrück, Prof. Dr. Emil Struve	Beiträge zur Geschichte des Biers und der Brauerei	1903	TODO: Language?	TODO: Publisher?	Berlin	Germany	https://www.digi-hub.de/viewer/resolver?urn=urn:nbn:de:kobv:11-D-2669820
Karl Michel	Betriebs-Kontrolle für Brauerei und Mälzerei	1898	TODO: Language?	TODO: Publisher?	Mannheim	Germany	https://babel.hathitrust.org/cgi/pt?id=uc1.31175017614457;view=1up;seq=5
Edward Ralph Moritz, George Harris Morris, Dr. Wilhelm Windisch	Handbuch der Brauwissenschaft	1893	TODO: Language?	TODO: Publisher?	Berlin	Germany	https://babel.hathitrust.org/cgi/pt?id=uc1.31175005655280
H. Richter	Unterricht für Bierbrauer im Königreiche Würtemberg über die, ihr Gewerbe berührenden Gesetze, Instruktionen, Verfügungen und Erlasse	1838	TODO: Language?	TODO: Publisher?	Tübingen	Germany	https://babel.hathitrust.org/cgi/pt?id=chi.73147723
???	Vollkommene Bierbrauerei nebst Branntwein-Brennerei und Essig-Fabrikation	1836	TODO: Language?	TODO: Publisher?	Ulm	Germany	https://play.google.com/books/reader?id=h27sFhxCX0kC
Adam Kasperowski	Die Dampfbrierbräuerey oder die Kunst mittels Dampf Bier zu brauen ohne zu schmelzen	1834	TODO: Language?	TODO: Publisher?	Lemberg	Austria	https://play.google.com/books/reader?id=XnBiAAAAcAAJ
Franz Andreas Paupie	Die Kunst des Bierbrauens, physisch- chemisch- ökonomisch beschrieben. Erster Theil	1820	TODO: Language?	TODO: Publisher?	Prag	Austria	https://play.google.com/books/reader?id=zONdAAAAcAAJ
Dr. Georg Carl Rumy	Kurze Anleitung zum Bierbrauen, mit einer vorausgeschickten populären Theorie der Gährung	1826	TODO: Language?	TODO: Publisher?	Wien	Austria	https://play.google.com/books/reader?id=H39iAAAAcAAJ
Alexander Sincerus	Der wohlerfahrne Brau Meister, Welcher Aufrichtig darweiset: Wie I. Ein gutes Bier zu brauen und zu erhalten. II. Guter Eßig aus Bier mit grosser und kleiner Quantität mit Profit zu bereiten. Auch wie man III. Sowohl aus Getreydig als blossen Bier-Hefen guten Brandwein brennen und von solchen hernach allerhand köstliche Aquas Vitae verfertigen könne.	1710	TODO: Language?	TODO: Publisher?	Prag	Austria	https://play.google.com/books/reader?id=sN1dAAAAcAAJ
Gustav Noback	Bier, Malz, sowie Maschinen und Apparate für Brauereien und Mälzereien	1874	TODO: Language?	TODO: Publisher?	Wien	Austria	https://play.google.com/books/reader?id=jUh-9KvRfFQC
Hermann Rüdinger	Die Bierbrauerei und Die Malzextrakt-Fabrikation	1876	TODO: Language?	TODO: Publisher?	Wien, Pest, Leipzig	Austria	https://play.google.com/books/reader?id=kvc_ie2qcVYC
Karl Balling	Die Malz-Kartoffel-Stärkemehl-Bierbrauerei oder: Anleitung zur Anwendung von Kartoffelstärkemehl als Ersatz eines Theils des Gerstenmalzes bei der Biererzeugung.	1844	TODO: Language?	TODO: Publisher?	Prag	Austria	https://play.google.com/books/reader?id=-UD11ldvykEC
Carl J. N. Balling	Die Gährungschemie wissenschaftlich begründet und in ihrer Anwendung auf die Bierbrauerei, Branntweinbrennerei, Hefenerzeugung, Weinbereitung und Essigfabrikation	1865	TODO: Language?	TODO: Publisher?	Prag	Austria	https://play.google.com/books/reader?id=ncnUVTd7G0AC
Raimund Dürnwirth	Vom Steinbier	1905	TODO: Language?	TODO: Publisher?	Klagenfurt	Austria	https://de.wikisource.org/wiki/Vom_Steinbier
Eduard Hensel	Anton Dreher, biographische Skizze	1864	TODO: Language?	TODO: Publisher?	Wien	Austria	https://play.google.com/books/reader?id=v2McUMoZX90C
Gustav Noback	Die Bier-Production in Oesterreich-Ungarn, im Deutschen Reich, in Grossbritannien und Irland, Belgien, Frankreich, den Niederlanden, Schweden und Norwegen, Russland und Nord-Amerika	1873	TODO: Language?	TODO: Publisher?	Wien	Austria	http://reader.digitale-sammlungen.de/de/fs1/object/display/bsb11162159_00005.html
Karl Balling	Der Getreidestein (Zeilithoid) und seine Anwendung zur Biererzeugung auf kaltem Wege besonders anwendbar in heißen Klimaten und auf langen Seereisen historisch und nach den bisher gemachten Erfahrungen erläutert	1852	TODO: Language?	TODO: Publisher?	Prag	Austria	https://play.google.com/books/reader?id=TMk6AAAAcAAJ
Carl J. N. Balling	Die sacharometrische Bier- und Branntweinmeischprobe	1846	TODO: Language?	TODO: Publisher?	Prag	Austria	https://opacplus.bsb-muenchen.de/Vta2/bsb10293882/bsb:BV010813526?page=5
Franz Cassian	Die Dampf-Brauerei. Eine Darstellung des gesammten Brauwesens nach dem neuesten Stande des Gewerbes. Mit besonderer Berücksichtigung der Dickmaisch- (Decoctionsbrauerei) nach bayrischer, Wiener und böhmischer Braumethode und des Dampfbetriebs.	1887	TODO: Language?	TODO: Publisher?	Wien, Pest, Leipzig	Austria	https://babel.hathitrust.org/cgi/pt?id=nyp.33433008170395;view=1up;seq=7
Julius E. Thausing	Die Theorie und Praxis der Malzbereitung Bierfabrikation. Mit besonderer Berücksichtigung des Wiener Brauverfahrens.	1877	TODO: Language?	TODO: Publisher?	Leipzig	Austria	https://babel.hathitrust.org/cgi/pt?id=chi.086461666
Julius E. Thausing	Die Theorie und Praxis der Malzbereitung und Bierfabrikation.	1888	German	J.M. Gebhardt's Verlag	Leipzig	Germany	https://books.google.com/books?id=8vQ7AQAAMAAJ
George Watkins	The Compleat Brewer ; Or, the Art and Mystery of Brewing Explained	1760	TODO: Language?	TODO: Publisher?	London	United Kingdom	https://books.google.de/books?id=X2lHAAAAYAAJ
W. H. Roberts	The Scottish Ale-Brewer and Practical Maltster, a Comprehensive Digest of the Art of Brewing Ales According to the Scottish System.	1857	TODO: Language?	TODO: Publisher?	Edinburgh	United Kingdom	https://play.google.com/books/reader?id=WBkZAAAAYAAJ
William Ellis	The London and Country Brewer.	1737	TODO: Language?	TODO: Publisher?	London	United Kingdom	https://play.google.com/books/reader?id=63FZAAAAYAAJ
John Tuck	The Private Brewer's Guide to the Art of Brewing Ale and Porter	1822	TODO: Language?	TODO: Publisher?	London	United Kingdom	https://play.google.com/books/reader?id=ZBtdAAAAcAAJ
George Cooper	The Modern Domestic Brewer.	1811	TODO: Language?	TODO: Publisher?	London	United Kingdom	https://play.google.com/books/reader?id=45pgAAAAcAAJ
G. Lloyd Worthington	The Brewers Guide; A New Work, Containing the Whole Theory and Practice of Brewing Ales and Porter.	1812	TODO: Language?	TODO: Publisher?	London	United Kingdom	https://play.google.com/books/reader?id=-JpgAAAAcAAJ
Samuel Child	Every Man his own Brewer; Or, a Compendium of the English Brewery.	1768	TODO: Language?	TODO: Publisher?	London	United Kingdom	https://play.google.com/books/reader?id=fLM6AQAAMAAJ
???	The Theory and Practice of Malting and Brewing.	1793	TODO: Language?	TODO: Publisher?	Edinburgh	United Kingdom	https://play.google.com/books/reader?id=_h1dAAAAcAAJ
David Booth	The Art of Brewing	1834	TODO: Language?	TODO: Publisher?	London	United Kingdom	https://play.google.com/books/reader?id=9xgZAAAAYAAJ
Alexander Morrice	A Treatise on Brewing	1815	TODO: Language?	TODO: Publisher?	London	United Kingdom	https://archive.org/stream/b29319201
Frank Faulkner	The Art of Brewing Practical and Theoretical	1876	TODO: Language?	TODO: Publisher?	London	United Kingdom	https://archive.org/stream/b28103646
Edward Ralph Moritz, George Harris Morris	A Text-Book of the Science of Brewing	1891	TODO: Language?	TODO: Publisher?	London	United Kingdom	https://archive.org/stream/b28073861
A. Chaston Chapman	Brewing	1912	TODO: Language?	TODO: Publisher?	Cambridge	United Kingdom	https://archive.org/details/b28077118
William Black	A Practical Treatise on Brewing, and on Storing of Beer	1835	TODO: Language?	TODO: Publisher?	London	United Kingdom	https://archive.org/stream/b29323022
Walter J. Sykes, Arthur R. Ling	The Principles and Practice of Brewing	1907	TODO: Language?	TODO: Publisher?	London	United Kingdom	https://archive.org/details/principlespracti00syke
Robert Wahl, Max Henius	American Handy Book of the Brewing, Malting and Auxiliary Trades	1901	TODO: Language?	TODO: Publisher?	Chicago	United States of America	https://babel.hathitrust.org/cgi/pt?id=wu.89047299904
Ernst Hantke	Handbuch für den Amerikanischen Brauer und Mälzer.	1896	TODO: Language?	TODO: Publisher?	Milwaukee	United States of America	https://babel.hathitrust.org/cgi/pt?id=wu.89102031085
Edward H. Vogel, Jr., Frank H. Schwaiger, Henry G. Leonhardt, J. Adolf Merten	The Practical Brewer, a Manual for the Brewing Industry	1946	TODO: Language?	TODO: Publisher?	St. Louis	United States of America	https://babel.hathitrust.org/cgi/pt?id=mdp.39015053239631
Henry Carey Baird	The Complete Practical Brewer; Or, Plain, Accurate, and Thorough Instructions in the Art of Brewing Ale, Beer, and Porter; including the Process of Making Bavarian Beer;	1852	TODO: Language?	TODO: Publisher?	Philadelphia	United States of America	https://play.google.com/books/reader?id=XJ3KR25a-DIC
Joseph Coppinger	The American Practical Brewer And Tanner	1815	TODO: Language?	TODO: Publisher?	New York	United States of America	https://ia800502.us.archive.org/27/items/theamericanpract20663gut/20663.txt
???	Documentary History of the United States Brewers' Association	1896	TODO: Language?	TODO: Publisher?	New York	United States of America	https://archive.org/stream/cu31924030091262
???	The 1915 Year Book of the United States Brewers' Association	1915	TODO: Language?	TODO: Publisher?	New York	United States of America	https://archive.org/details/yearbookuniteds10assogoog
???	The Year Book of the United States Brewers' Association	1910	TODO: Language?	TODO: Publisher?	New York	United States of America	https://archive.org/details/yearbookuniteds13assogoog
???	United States Brewers' Association The Year Book And Proceedings of the Fifty-Second Annual Convention held in Boston, Mass.	1913	TODO: Language?	TODO: Publisher?		United States of America	https://archive.org/details/yearbookuniteds07assogoog
???	The Year Book of the United States Brewers' Association	1909	TODO: Language?	TODO: Publisher?	New York	United States of America	https://archive.org/details/yearbookuniteds09assogoog
???	United States Brewers' Association The Year Book And Proceedings of the Fifty-First Annual Convention held in Chicago, Ill.	1911	TODO: Language?	TODO: Publisher?	New York	United States of America	https://archive.org/details/yearbookuniteds12assogoog
???	The 1917 Year Book of the United States Brewers' Association	1918	TODO: Language?	TODO: Publisher?	New York	United States of America	https://archive.org/details/yearbookuniteds03assogoog
???	United States Brewers' Association The Year Book And Proceedings of the Fifty-Third Annual Convention held in Atlantic City, N. J.	1914	TODO: Language?	TODO: Publisher?	New York	United States of America	https://archive.org/details/yearbookuniteds11assogoog
John Pitt	How To Brew Good Beer. A Complete Guide to the Art of Brewing Ale, Bitter Ale, Table-Ale, Brown Stout, Porter, and Table-Beer.	1864	TODO: Language?	TODO: Publisher?	London	United States of America	https://archive.org/stream/0163HOWT
???	Twenty-Five Year of Brewing, with an Illustrated History of American Beer, Dedicated to the Friends of George Ehret	1891	TODO: Language?	TODO: Publisher?	New York	United States of America	https://archive.org/details/twentyfiveyearso00ehre
F. W. Salem	Beer, Its History and Its Economic Value as a National Beverage	1880	TODO: Language?	TODO: Publisher?	Hartford, Conn.	United States of America	https://archive.org/details/beeritshistoryit00sale
Dr. Robert Wahl and Dr. Max Henius, Editors	American Brewer's Review, Vol. XI, No. I	1897	TODO: Language?	TODO: Publisher?	Chicago and New York	United States of America	https://babel.hathitrust.org/cgi/pt?id=nyp.33433008873584
Robert Wahl, PhD, Max Henius, PhD	Brauereibetrieb in den Vereinigten Staaten von Nord Amerika	1910	TODO: Language?	TODO: Publisher?	Chicago	United States of America	https://babel.hathitrust.org/cgi/pt?id=hvd.32044091953075
Ernst Hantke (?)	Letters on Brewing, Edited by Hantke's Brewers' School and Laboratories	1900	TODO: Language?	TODO: Publisher?	Milwaukee, Wisconsin	United States of America	https://babel.hathitrust.org/cgi/pt?id=wu.89102031143
Emil Chr. Hanssen	Untersuchungen aus der Praxis der Gärungsindustrie	1895	German	R. Oldenbourg	München und Leipzig	Germany	https://archive.org/details/untersuchungena00hansgoog
Carl J. N. Balling	Die Gährungschemie wissenschaftlich begründet	1854	German	Friedrich Tempsky	Prag	Austria	https://babel.hathitrust.org/cgi/pt?id=njp.32101055992869&view=2up&seq=7&skin=2021
